Year,Industry_aggregation_NZSIOC,Industry_code_NZSIOC,Industry_name_NZSIOC,Units,Variable_code,Variable_name,Variable_category,Value
2024,Level 1,99999,All industries,Dollars (millions),H01,Total income,Financial performance,979594
2024,Level 1,99999,All industries,Dollars (millions),H04,"Sales, government funding, grants and subsidies",Financial performance,838626
2024,Level 1,99999,All industries,Dollars (millions),H05,"Interest, dividends and donations",Financial performance,112188
2024,Level 1,99999,All industries,Dollars (millions),H07,Non-operating income,Financial performance,28781
2024,Level 1,99999,All industries,Dollars (millions),H08,Total expenditure,Financial performance,856960
2024,Level 1,99999,All industries,Dollars (millions),H09,Interest and donations,Financial performance,71493
2024,Level 1,99999,All industries,Dollars (millions),H10,Indirect taxes,Financial performance,8540
2024,Level 1,99999,All industries,Dollars (millions),H11,Depreciation,Financial performance,32896
2024,Level 1,99999,All industries,Dollars (millions),H12,Salaries and wages paid,Financial performance,157616
2024,Level 1,99999,All industries,Dollars (millions),H13,Redundancy and severance,Financial performance,323
2024,Level 1,99999,All industries,Dollars (millions),H14,Salaries and wages to self employed commission agents,Financial performance,1548
2024,Level 1,99999,All industries,Dollars (millions),H19,Purchases and other operating expenses,Financial performance,568850
2024,Level 1,99999,All industries,Dollars (millions),H20,Non-operating expenses,Financial performance,16016
2024,Level 1,99999,All industries,Dollars (millions),H21,Opening stocks,Financial performance,86685
2024,Level 1,99999,All industries,Dollars (millions),H22,Closing stocks,Financial performance,84990
2024,Level 1,99999,All industries,Dollars (millions),H23,Surplus before income tax,Financial performance,120939
2024,Level 1,99999,All industries,Dollars (millions),H24,Total assets,Financial position,2931807
2024,Level 1,99999,All industries,Dollars (millions),H25,Current assets,Financial position,911135
2024,Level 1,99999,All industries,Dollars (millions),H26,Fixed tangible assets,Financial position,719959
2024,Level 1,99999,All industries,Dollars (millions),H29,Other assets,Financial position,1300713
2024,Level 1,99999,All industries,Dollars (millions),H30,Total equity and liabilities,Financial position,2931807
2024,Level 1,99999,All industries,Dollars (millions),H31,Shareholders funds or owners equity,Financial position,1011581
2024,Level 1,99999,All industries,Dollars (millions),H32,Current liabilities,Financial position,1118376
2024,Level 1,99999,All industries,Dollars (millions),H33,Other liabilities,Financial position,801850
2024,Level 1,99999,All industries,Dollars,H34,Total income per employee count,Financial ratios,483100
2024,Level 1,99999,All industries,Dollars,H35,Surplus per employee count,Financial ratios,59600
2024,Level 1,99999,All industries,Percentage,H36,Current ratio,Financial ratios,81
2024,Level 1,99999,All industries,Percentage,H37,Quick ratio,Financial ratios,74
2024,Level 1,99999,All industries,Percentage,H39,Return on equity,Financial ratios,12
2024,Level 1,99999,All industries,Percentage,H40,Return on total assets,Financial ratios,4
2024,Level 1,99999,All industries,Percentage,H41,Liabilities structure,Financial ratios,35
2024,Level 1,AA,"Agriculture, Forestry and Fishing",Dollars (millions),H01,Total income,Financial performance,54775
2024,Level 1,AA,"Agriculture, Forestry and Fishing",Dollars (millions),H04,Sales of goods and services,Financial performance,50175
2024,Level 1,AA,"Agriculture, Forestry and Fishing",Dollars (millions),H05,"Interest, dividends and donations",Financial performance,1545
2024,Level 1,AA,"Agriculture, Forestry and Fishing",Dollars (millions),H06,"Government funding, grants and subsidies",Financial performance,37
2024,Level 1,AA,"Agriculture, Forestry and Fishing",Dollars (millions),H07,Non-operating income,Financial performance,3018
,Level 1,AA,"Agriculture, Forestry and Fishing",Dollars (millions),H08,Total expenditure,Financial performance,48903
2024,Level 1,AA,"Agriculture, Forestry and Fishing",Dollars (millions),H09,Interest and donations,Financial performance,4708
2024,Level 1,AA,"Agriculture, Forestry and Fishing",Dollars (millions),H10,Indirect taxes,Financial performance,549
2024,Level 1,AA,"Agriculture, Forestry and Fishing",Dollars (millions),H11,Depreciation,Financial performance,2704
2024,Level 1,AA,"Agriculture, Forestry and Fishing",Dollars (millions),H12,Salaries and wages paid,Financial performance,7090
2024,Level 1,AA,"Agriculture, Forestry and Fishing",Dollars (millions),H13,Redundancy and severance,Financial performance,1
2024,Level 1,AA,"Agriculture, Forestry and Fishing",Dollars (millions),H19,Purchases and other operating expenses,Financial performance,32715
2024,Level 1,AA,"Agriculture, Forestry and Fishing",Dollars (millions),H20,Non-operating expenses,Financial performance,1137
2024,Level 1,AA,"Agriculture, Forestry and Fishing",Dollars (millions),H21,Opening stocks,Financial performance,14155
2024,Level 1,AA,"Agriculture, Forestry and Fishing",Dollars (millions),H22,Closing stocks,Financial performance,13742
2024,Level 1,AA,"Agriculture, Forestry and Fishing",Dollars (millions),H23,Surplus before income tax,Financial performance,5459
2024,Level 1,AA,"Agriculture, Forestry and Fishing",Dollars (millions),H24,Total assets,Financial position,220421
2024,Level 1,AA,"Agriculture, Forestry and Fishing",Dollars (millions),H25,Current assets,Financial position,37522
2024,Level 1,AA,"Agriculture, Forestry and Fishing",Dollars (millions),H26,Fixed tangible assets,Financial position,127458
2024,Level 1,AA,"Agriculture, Forestry and Fishing",Dollars (millions),H29,Other assets,Financial position,55442
2024,Level 1,AA,"Agriculture, Forestry and Fishing",Dollars (millions),H30,Total equity and liabilities,Financial position,220421
2024,Level 1,AA,"Agriculture, Forestry and Fishing",Dollars (millions),H31,Shareholders funds or owners equity,Financial position,106476
2024,Level 1,AA,"Agriculture, Forestry and Fishing",Dollars (millions),H32,Current liabilities,Financial position,39312
2024,Level 1,AA,"Agriculture, Forestry and Fishing",Dollars (millions),H33,Other liabilities,Financial position,74633
2024,Level 1,AA,"Agriculture, Forestry and Fishing",Dollars,H34,Total income per employee count,Financial ratios,487400
2024,Level 1,AA,"Agriculture, Forestry and Fishing",Dollars,H35,Surplus per employee count,Financial ratios,48600
2024,Level 1,AA,"Agriculture, Forestry and Fishing",Percentage,H36,Current ratio,Financial ratios,95
,Level 1,AA,"Agriculture, Forestry and Fishing",Percentage,H37,Quick ratio,Financial ratios,60
2024,Level 1,AA,"Agriculture, Forestry and Fishing",Percentage,H39,Return on equity,Financial ratios,5
2024,Level 1,AA,"Agriculture, Forestry and Fishing",Percentage,H40,Return on total assets,Financial ratios,2
2024,Level 1,AA,"Agriculture, Forestry and Fishing",Percentage,H41,Liabilities structure,Financial ratios,48
2024,Level 3,AA11,Horticulture and Fruit Growing,Dollars (millions),H01,Total income,Financial performance,6048
2024,Level 3,AA11,Horticulture and Fruit Growing,Dollars (millions),H04,"Sales, government funding, grants and subsidies",Financial performance,5591
2024,Level 3,AA11,Horticulture and Fruit Growing,Dollars (millions),H05,"Interest, dividends and donations",Financial performance,246
2024,Level 3,AA11,Horticulture and Fruit Growing,Dollars (millions),H07,Non-operating income,Financial performance,211
2024,Level 3,AA11,Horticulture and Fruit Growing,Dollars (millions),H08,Total expenditure,Financial performance,5626
2024,Level 3,AA11,Horticulture and Fruit Growing,Dollars (millions),H09,Interest and donations,Financial performance,461
2024,Level 3,AA11,Horticulture and Fruit Growing,Dollars (millions),H10,Indirect taxes,Financial performance,47
2024,Level 3,AA11,Horticulture and Fruit Growing,Dollars (millions),H11,Depreciation,Financial performance,406
2024,Level 3,AA11,Horticulture and Fruit Growing,Dollars (millions),H12,Salaries and wages paid,Financial performance,1049
2024,Level 3,AA11,Horticulture and Fruit Growing,Dollars (millions),H13,Redundancy and severance,Financial performance,0
2024,Level 3,AA11,Horticulture and Fruit Growing,Dollars (millions),H19,Purchases and other operating expenses,Financial performance,3638
2024,Level 3,AA11,Horticulture and Fruit Growing,Dollars (millions),H20,Non-operating expenses,Financial performance,25
2024,Level 3,AA11,Horticulture and Fruit Growing,Dollars (millions),H21,Opening stocks,Financial performance,437
2024,Level 3,AA11,Horticulture and Fruit Growing,Dollars (millions),H22,Closing stocks,Financial performance,455
2024,Level 3,AA11,Horticulture and Fruit Growing,Dollars (millions),H23,Surplus before income tax,Financial performance,440
2024,Level 3,AA11,Horticulture and Fruit Growing,Dollars (millions),H24,Total assets,Financial position,22813
2024,Level 3,AA11,Horticulture and Fruit Growing,Dollars (millions),H25,Current assets,Financial position,3551
2024,Level 3,AA11,Horticulture and Fruit Growing,Dollars (millions),H26,Fixed tangible assets,Financial position,14713
2024,Level 3,AA11,Horticulture and Fruit Growing,Dollars (millions),H29,Other assets,Financial position,4549
2024,Level 3,AA11,Horticulture and Fruit Growing,Dollars (millions),H30,Total equity and liabilities,Financial position,22813
2024,Level 3,AA11,Horticulture and Fruit Growing,Dollars (millions),H31,Shareholders funds or owners equity,Financial position,10232
2024,Level 3,AA11,Horticulture and Fruit Growing,Dollars (millions),H32,Current liabilities,Financial position,4963
2024,Level 3,AA11,Horticulture and Fruit Growing,Dollars (millions),H33,Other liabilities,Financial position,7619
2024,Level 3,AA11,Horticulture and Fruit Growing,Dollars,H34,Total income per employee count,Financial ratios,242600
2024,Level 3,AA11,Horticulture and Fruit Growing,Dollars,H35,Surplus per employee count,Financial ratios,17600
2024,Level 3,AA11,Horticulture and Fruit Growing,Percentage,H36,Current ratio,Financial ratios,72
2024,Level 3,AA11,Horticulture and Fruit Growing,Percentage,H37,Quick ratio,Financial ratios,62
2024,Level 3,AA11,Horticulture and Fruit Growing,Percentage,H39,Return on equity,Financial ratios,4
2024,Level 3,AA11,Horticulture and Fruit Growing,Percentage,H40,Return on total assets,Financial ratios,2
2024,Level 3,AA11,Horticulture and Fruit Growing,Percentage,H41,Liabilities structure,Financial ratios,45
2024,Level 4,AA111,Horticulture and Fruit Growing,Dollars (millions),H01,Total income,Financial performance,6048
2024,Level 4,AA111,Horticulture and Fruit Growing,Dollars (millions),H04,"Sales, government funding, grants and subsidies",Financial performance,5591
2024,Level 4,AA111,Horticulture and Fruit Growing,Dollars (millions),H05,"Interest, dividends and donations",Financial performance,246
2024,Level 4,AA111,Horticulture and Fruit Growing,Dollars (millions),H07,Non-operating income,Financial performance,211
2024,Level 4,AA111,Horticulture and Fruit Growing,Dollars (millions),H08,Total expenditure,Financial performance,5626
2024,Level 4,AA111,Horticulture and Fruit Growing,Dollars (millions),H09,Interest and donations,Financial performance,461
2024,Level 4,AA111,Horticulture and Fruit Growing,Dollars (millions),H10,Indirect taxes,Financial performance,47
